Name,images
DARIKA D/K 80/01,DK 80-01.jpg
DARIKA D/K 80/02,DK 80-02.jpg
DARIKA D/K 80/03,DK 80-03.jpg
DARIKA D/K 80/04,DK 80-04.jpg
DARIKA D/K 80/05,DK 80-05.jpg
DARIKA D/K 80/06,DK 80-06.jpg
DARIKA D/K 80/07,DK 80-07.jpg
DARIKA D/K 80/08,DK 80-08.jpg
DARIKA D/K 81/01,DK 81-01.jpg
DARIKA D/K 81/02,DK 81-02.jpg
DARIKA D/K 81/03,DK 81-03.jpg
DARIKA D/K 81/04,DK 81-04.jpg
DARIKA D/K 81/05,DK 81-05.jpg
DARIKA D/K 81/06,DK 81-06.jpg
DARIKA D/K 81/07,DK 81-07.jpg
DARIKA D/K 81/08,DK 81-08.jpg
DARIKA D/K 82/01,DK 82-01.jpg
DARIKA D/K 82/02,DK 82-02.jpg
DARIKA D/K 82/03,DK 82-03.jpg
DARIKA D/K 82/04,DK 82-04.jpg
DARIKA D/K 82/05,DK 82-05.jpg
DARIKA D/K 82/06,DK 82-06.jpg
DARIKA D/K 82/07,DK 82-07.jpg
DARIKA D/K 82/08,DK 82-08.jpg
DARIKA D/K 83/01,DK 83-01.jpg
DARIKA D/K 83/02,DK 83-02.jpg
DARIKA D/K 83/03,DK 83-03.jpg
DARIKA D/K 83/04,DK 83-04.jpg
DARIKA D/K 83/05,DK 83-05.jpg
DARIKA D/K 83/06,DK 83-06.jpg
DARIKA D/K 83/07,DK 83-07.jpg
DARIKA D/K 83/08,DK 83-08.jpg
DARIKA D/K 83/09,DK 83-09.jpg
DARIKA D/K 83/10,DK 83-10.jpg
DARIKA D/K 84/01,DK 84-01.jpg
DARIKA D/K 84/02,DK 84-02.jpg
DARIKA D/K 84/03,DK 84-03.jpg
DARIKA D/K 84/04,DK 84-04.jpg
DARIKA D/K 84/05,DK 84-05.jpg
DARIKA D/K 84/06,DK 84-06.jpg
DARIKA D/K 84/07,DK 84-07.jpg
DARIKA D/K 84/08,DK 84-08.jpg
DARIKA D/K 84/09,DK 84-09.jpg
DARIKA D/K 84/10,DK 84-10.jpg
DARIKA D/K 85/01,DK 85-01.jpg
DARIKA D/K 85/02,DK 85-02.jpg
DARIKA D/K 85/03,DK 85-03.jpg
DARIKA D/K 85/04,DK 85-04.jpg
DARIKA D/K 85/05,DK 85-05.jpg
DARIKA D/K 85/06,DK 85-06.jpg
DARIKA D/K 85/07,DK 85-07.jpg
DARIKA D/K 85/08,DK 85-08.jpg
DARIKA D/K 85/09,DK 85-09.jpg
DARIKA D/K 85/10,DK 85-10.jpg
DARIKA D/K 85/11,DK 85-11.jpg
DARIKA D/K 85/12,DK 85-12.jpg
DARIKA D/K 85/13,DK 85-13.jpg
DARIKA D/K 85/14,DK 85-14.jpg
DARIKA D/K 85/15,DK 85-15.jpg
DARIKA D/K 85/16,DK 85-16.jpg
DARIKA D/K 86/01,DK 86-01.jpg
DARIKA D/K 86/02,DK 86-02.jpg
DARIKA D/K 86/03,DK 86-03.jpg
DARIKA D/K 86/04,DK 86-04.jpg
DARIKA D/K 90/01,DK 90-01.jpg
DARIKA D/K 90/02,DK 90-02.jpg
DARIKA D/K 90/03,DK 90-03.jpg
DARIKA D/K 90/04,DK 90-04.jpg
DARIKA D/K 90/05,DK 90-05.jpg
DARIKA D/K 91/01,DK 91-01.jpg
DARIKA D/K 91/02,DK 91-02.jpg
DARIKA D/K 91/03,DK 91-03.jpg
DARIKA D/K 91/04,DK 91-04.jpg
DARIKA D/K 91/05,DK 91-05.jpg
DARIKA D/K 92/01,DK 92-01.jpg
DARIKA D/K 92/02,DK 92-02.jpg
DARIKA D/K 92/03,DK 92-03.jpg
DARIKA D/K 92/04,DK 92-04.jpg
DARIKA D/K 93/01,DK 93-01.jpg
DARIKA D/K 93/02,DK 93-02.jpg
DARIKA D/K 93/03,DK 93-03.jpg
DARIKA D/K 93/04,DK 93-04.jpg
DARIKA D/K 93/05,DK 93-05.jpg
DARIKA D/K 93/06,DK 93-06.jpg
DARIKA D/K 94/01,DK 94-01.jpg
DARIKA D/K 94/02,DK 94-02.jpg
DARIKA D/K 94/03,DK 94-03.jpg
DARIKA D/K 94/04,DK 94-04.jpg
DARIKA D/K 94/05,DK 94-05.jpg
DARIKA D/K 94/06,DK 94-06.jpg
DARIKA D/K 95/01,DK 95-01.jpg
DARIKA D/K 95/02,DK 95-02.jpg
DARIKA D/K 95/03,DK 95-03.jpg
DARIKA D/K 95/04,DK 95-04.jpg
DARIKA D/K 96/01,DK 96-01.jpg
DARIKA D/K 96/02,DK 96-02.jpg
DARIKA D/K 96/03,DK 96-03.jpg
DARIKA D/K 96/04,DK 96-04.jpg
DARIKA D/K 53/01,DK 53-01.jpg
DARIKA D/K 53/02,DK 53-02.jpg
DARIKA D/K 53/03,DK 53-03.jpg
DARIKA D/K 53/04,DK 53-04.jpg
DARIKA D/K 53/05,DK 53-05.jpg
DARIKA D/K 53/06,DK 53-06.jpg
DARIKA D/K 53/07,DK 53-07.jpg
DARIKA D/K 53/08,DK 53-08.jpg
DARIKA D/K 53/09,DK 53-09.jpg
DARIKA D/K 53/10,DK 53-10.jpg
DARIKA D/K 53/11,DK 53-11.jpg
DARIKA D/K 53/12,DK 53-12.jpg
DARIKA D/K 53/13,DK 53-13.jpg
DARIKA D/K 53/14,DK 53-14.jpg
DARIKA D/K 53/15,DK 53-15.jpg
DARIKA D/K 50/01,DK 50-01.jpg
DARIKA D/K 50/02,DK 50-02.jpg
DARIKA D/K 50/03,DK 50-03.jpg
DARIKA D/K 50/04,DK 50-04.jpg
DARIKA D/K 50/05,DK 50-05.jpg
DARIKA D/K 50/06,DK 50-06.jpg
DARIKA D/K 50/07,DK 50-07.jpg
DARIKA D/K 50/08,DK 50-08.jpg
DARIKA D/K 50/09,DK 50-09.jpg
DARIKA D/K 50/10,DK 50-10.jpg
DARIKA D/K 50/11,DK 50-11.jpg
DARIKA D/K 50/12,DK 50-12.jpg
DARIKA D/K 51/01,DK 51-01.jpg
DARIKA D/K 51/02,DK 51-02.jpg
DARIKA D/K 51/03,DK 51-03.jpg
DARIKA D/K 51/04,DK 51-04.jpg
DARIKA D/K 51/05,DK 51-05.jpg
DARIKA D/K 51/06,DK 51-06.jpg
DARIKA D/K 51/07,DK 51-07.jpg
DARIKA D/K 51/08,DK 51-08.jpg
DARIKA D/K 51/09,DK 51-09.jpg
DARIKA D/K 51/10,DK 51-10.jpg
DARIKA D/K 51/11,DK 51-11.jpg
DARIKA D/K 51/12,DK 51-12.jpg
DARIKA D/K 51/13,DK 51-13.jpg
DARIKA D/K 51/14,DK 51-14.jpg
DARIKA D/K 100/01,DK 100-01.jpg
DARIKA D/K 100/02,DK 100-02.jpg
DARIKA D/K 100/03,DK 100-03.jpg
DARIKA D/K 100/04,DK 100-04.jpg
DARIKA D/K 100/05,DK 100-05.jpg
DARIKA D/K 100/06,DK 100-06.jpg
DARIKA D/K 100/07,DK 100-07.jpg
DARIKA D/K 100/08,DK 100-08.jpg
DARIKA D/K 100/09,DK 100-09.jpg
DARIKA D/K 100/10,DK 100-10.jpg
DARIKA D/K 100/11,DK 100-11.jpg
DARIKA D/K 100/12,DK 100-12.jpg
DARIKA D/K 100/13,DK 100-13.jpg
DARIKA D/K 100/14,DK 100-14.jpg
DARIKA D/K 100/15,DK 100-15.jpg
DARIKA D/K 100/16,DK 100-16.jpg
DARIKA D/K 100/17,DK 100-17.jpg
DARIKA D/K 100/18,DK 100-18.jpg
DARIKA D/K 100/19,DK 100-19.jpg
DARIKA D/K 100/20,DK 100-20.jpg
DARIKA D/K 100/21,DK 100-21.jpg
DARIKA D/K 100/22,DK 100-22.jpg
DARIKA D/K 101/01,DK 101-01.jpg
DARIKA D/K 101/02,DK 101-02.jpg
DARIKA D/K 101/03,DK 101-03.jpg
DARIKA D/K 101/04,DK 101-04.jpg
DARIKA D/K 101/05,DK 101-05.jpg
DARIKA D/K 101/06,DK 101-06.jpg
DARIKA D/K 101/07,DK 101-07.jpg
DARIKA D/K 101/08,DK 101-08.jpg
DARIKA D/K 101/09,DK 101-09.jpg
DARIKA D/K 101/10,DK 101-10.jpg
DARIKA D/K 101/11,DK 101-11.jpg
DARIKA D/K 101/12,DK 101-12.jpg
CHALEEYA CY 801/01,CY 801-01.jpg
CHALEEYA CY 801/02,CY 801-02.jpg
CHALEEYA CY 801/03,CY 801-03.jpg
CHALEEYA CY 801/04,CY 801-04.jpg
CHALEEYA CY 801/05,CY 801-05.jpg
CHALEEYA CY 801/06,CY 801-06.jpg
CHALEEYA CY 802/01,CY 802-01.jpg
CHALEEYA CY 802/02,CY 802-02.jpg
CHALEEYA CY 802/03,CY 802-03.jpg
CHALEEYA CY 802/04,CY 802-04.jpg
CHALEEYA CY 802/05,CY 802-05.jpg
CHALEEYA CY 802/06,CY 802-06.jpg
CHALEEYA CY 802/07,CY 802-07.jpg
CHALEEYA CY 802/08,CY 802-08.jpg
CHALEEYA CY 802/09,CY 802-09.jpg
CHALEEYA CY 802/10,CY 802-10.jpg
CHALEEYA CY 802/11,CY 802-11.jpg
CHALEEYA CY 802/12,CY 802-12.jpg
CHALEEYA CY 803/01,CY 803-01.jpg
CHALEEYA CY 803/02,CY 803-02.jpg
CHALEEYA CY 803/03,CY 803-03.jpg
CHALEEYA CY 803/04,CY 803-04.jpg
CHALEEYA CY 803/05,CY 803-05.jpg
CHALEEYA CY 803/06,CY 803-06.jpg
CHALEEYA CY 803/07,CY 803-07.jpg
CHALEEYA CY 804/01,CY 804-01.jpg
CHALEEYA CY 804/02,CY 804-02.jpg
CHALEEYA CY 804/03,CY 804-03.jpg
CHALEEYA CY 804/04,CY 804-04.jpg
CHALEEYA CY 804/05,CY 804-05.jpg
CHALEEYA CY 804/06,CY 804-06.jpg
CHALEEYA CY 804/07,CY 804-07.jpg
CHALEEYA CY 804/08,CY 804-08.jpg
CHALEEYA CY 804/09,CY 804-09.jpg
CHALEEYA CY 804/10,CY 804-10.jpg
CHALEEYA CY 630/01,CY 630-01.jpg
CHALEEYA CY 631/01,CY 631-01.jpg
CHALEEYA CY 632/01,CY 632-01.jpg
CHALEEYA CY 633/01,CY 633-01.jpg
CHALEEYA CY 634/01,CY 634-01.jpg
CHALEEYA CY 630/02,CY 630-02.jpg
CHALEEYA CY 631/02,CY 631-02.jpg
CHALEEYA CY 632/02,CY 632-02.jpg
CHALEEYA CY 633/02,CY 633-02.jpg
CHALEEYA CY 634/02,CY 634-02.jpg
CHALEEYA CY 630/03,CY 630-03.jpg
CHALEEYA CY 631/03,CY 631-03.jpg
CHALEEYA CY 632/03,CY 632-03.jpg
CHALEEYA CY 633/03,CY 633-03.jpg
CHALEEYA CY 634/03,CY 634-03.jpg
CHALEEYA CY 630/04,CY 630-04.jpg
CHALEEYA CY 631/04,CY 631-04.jpg
CHALEEYA CY 632/04,CY 632-04.jpg
CHALEEYA CY 633/04,CY 633-04.jpg
CHALEEYA CY 634/04,CY 634-04.jpg
CHALEEYA CY 630/05,CY 630-05.jpg
CHALEEYA CY 631/05,CY 631-05.jpg
CHALEEYA CY 632/05,CY 632-05.jpg
CHALEEYA CY 633/05,CY 633-05.jpg
CHALEEYA CY 634/05,CY 634-05.jpg
CHALEEYA CY 630/06,CY 630-06.jpg
CHALEEYA CY 631/06,CY 631-06.jpg
CHALEEYA CY 632/06,CY 632-06.jpg
CHALEEYA CY 633/06,CY 633-06.jpg
CHALEEYA CY 634/06,CY 634-06.jpg
CHALEEYA CY 630/07,CY 630-07.jpg
CHALEEYA CY 631/07,CY 631-07.jpg
CHALEEYA CY 632/07,CY 632-07.jpg
CHALEEYA CY 633/07,CY 633-07.jpg
CHALEEYA CY 634/07,CY 634-07.jpg
CHALEEYA CY 630/08,CY 630-08.jpg
CHALEEYA CY 631/08,CY 631-08.jpg
CHALEEYA CY 632/08,CY 632-08.jpg
CHALEEYA CY 633/08,CY 633-08.jpg
CHALEEYA CY 634/08,CY 634-08.jpg
CHALEEYA CY 630/09,CY 630-09.jpg
CHALEEYA CY 631/09,CY 631-09.jpg
CHALEEYA CY 632/09,CY 632-09.jpg
CHALEEYA CY 633/09,CY 633-09.jpg
CHALEEYA CY 634/09,CY 634-09.jpg
CHALEEYA CY 630/10,CY 630-10.jpg
CHALEEYA CY 631/10,CY 631-10.jpg
CHALEEYA CY 632/10,CY 632-10.jpg
CHALEEYA CY 633/10,CY 633-10.jpg
CHALEEYA CY 634/10,CY 634-10.jpg
CHALEEYA CY 635/01,CY 635-01.jpg
CHALEEYA CY 636/01,CY 636-01.jpg
CHALEEYA CY 637/01,CY 637-01.jpg
CHALEEYA CY 638/01,CY 638-01.jpg
CHALEEYA CY 639/01,CY 639-01.jpg
CHALEEYA CY 635/02,CY 635-02.jpg
CHALEEYA CY 636/02,CY 636-02.jpg
CHALEEYA CY 637/02,CY 637-02.jpg
CHALEEYA CY 638/02,CY 638-02.jpg
CHALEEYA CY 639/02,CY 639-02.jpg
CHALEEYA CY 635/03,CY 635-03.jpg
CHALEEYA CY 636/03,CY 636-03.jpg
CHALEEYA CY 637/03,CY 637-03.jpg
CHALEEYA CY 638/03,CY 638-03.jpg
CHALEEYA CY 639/03,CY 639-03.jpg
CHALEEYA CY 635/04,CY 635-04.jpg
CHALEEYA CY 636/04,CY 636-04.jpg
CHALEEYA CY 637/04,CY 637-04.jpg
CHALEEYA CY 638/04,CY 638-04.jpg
CHALEEYA CY 639/04,CY 639-04.jpg
CHALEEYA CY 635/05,CY 635-05.jpg
CHALEEYA CY 636/05,CY 636-05.jpg
CHALEEYA CY 637/05,CY 637-05.jpg
CHALEEYA CY 638/05,CY 638-05.jpg
CHALEEYA CY 639/05,CY 639-05.jpg
CHALEEYA CY 635/06,CY 635-06.jpg
CHALEEYA CY 636/06,CY 636-06.jpg
CHALEEYA CY 637/06,CY 637-06.jpg
CHALEEYA CY 638/06,CY 638-06.jpg
CHALEEYA CY 639/06,CY 639-06.jpg
CHALEEYA CY 635/07,CY 635-07.jpg
CHALEEYA CY 636/07,CY 636-07.jpg
CHALEEYA CY 637/07,CY 637-07.jpg
CHALEEYA CY 638/07,CY 638-07.jpg
CHALEEYA CY 639/07,CY 639-07.jpg
CHALEEYA CY 635/08,CY 635-08.jpg
CHALEEYA CY 636/08,CY 636-08.jpg
CHALEEYA CY 637/08,CY 637-08.jpg
CHALEEYA CY 638/08,CY 638-08.jpg
CHALEEYA CY 639/08,CY 639-08.jpg
CHALEEYA CY 308/01,CY 308-01.jpg
CHALEEYA CY 308/02,CY 308-02.jpg
CHALEEYA CY 308/03,CY 308-03.jpg
CHALEEYA CY 308/04,CY 308-04.jpg
CHALEEYA CY 308/05,CY 308-05.jpg
CHALEEYA CY 308/06,CY 308-06.jpg
CHALEEYA CY 308/07,CY 308-07.jpg
CHALEEYA CY 308/08,CY 308-08.jpg
CHALEEYA CY 308/09,CY 308-09.jpg
CHALEEYA CY 308/10,CY 308-10.jpg
CHALEEYA CY 308/11,CY 308-11.jpg
CHALEEYA CY 308/12,CY 308-12.jpg
CHALEEYA CY 308/13,CY 308-13.jpg
CHALEEYA CY 308/14,CY 308-14.jpg
CHALEEYA CY 308/15,CY 308-15.jpg
CHALEEYA CY 308/16,CY 308-16.jpg
CHALEEYA CY 308/17,CY 308-17.jpg
CHALEEYA CY 308/18,CY 308-18.jpg
CHALEEYA CY 308/19,CY 308-19.jpg
CHALEEYA CY 308/20,CY 308-20.jpg
VC FABRIC SPC 110/01,SPC 110-01.jpg
VC FABRIC SPC 110/02,SPC 110-02.jpg
VC FABRIC SPC 110/03,SPC 110-03.jpg
VC FABRIC TAY 208/01,TAY 208-01.jpg
VC FABRIC CEY 505/01,CEY 505-01.jpg
VC FABRIC CEY 505/02,CEY 505-02.jpg
VC FABRIC CEY 505/03,CEY 505-03.jpg
VC FABRIC CEY 505/04,CEY 505-04.jpg
VC FABRIC GEM 572/01,GEM 572-01.jpg
VC FABRIC GEM 572/02,GEM 572-02.jpg
VC FABRIC GEM 572/03,GEM 572-03.jpg
VC FABRIC GEM 572/04,GEM 572-04.jpg
VC FABRIC LAY 457/01,LAY 457-01.jpg
VC FABRIC LAY 457/02,LAY 457-02.jpg
VC FABRIC ZIR 357/01,ZIR 357-01.jpg
VC FABRIC SOP 219/01,SOP 219-01.jpg
VC FABRIC SOP 219/03,SOP 219-03.jpg
VC FABRIC VEL 872/01,VEL 872-01.jpg
VC FABRIC VEL 872/02,VEL 872-02.jpg
VC FABRIC VEL 872/05,VEL 872-05.jpg
VC FABRIC VLR 419/01,VLR 419-01.jpg
VC FABRIC VLR 419/02,VLR 419-02.jpg
VC FABRIC VLR 419/03,VLR 419-03.jpg
VC FABRIC LAY 456/01,LAY 456-01.jpg
VC FABRIC LAY 456/02,LAY 456-02.jpg
VC FABRIC LAY 456/03,LAY 456-03.jpg
VC FABRIC LAY 452/01,LAY 452-01.jpg
VC FABRIC LAY 452/02,LAY 452-02.jpg
VC FABRIC LAY 451/01,LAY 451-01.jpg
VC FABRIC LNU 995/01,LNU 995-01.jpg
VC FABRIC LNU 995/02,LNU 995-02.jpg
VC FABRIC LNA 192/01,LNA 192-01.jpg
VC FABRIC LNA 192/02,LNA 192-02.jpg
VC FABRIC LNA 192/03,LNA 192-03.jpg
VC FABRIC LNA 192/06,LNA 192-06.jpg
VC FABRIC LNA 192/07,LNA 192-07.jpg
VC FABRIC LNA 192/08,LNA 192-08.jpg
VC FABRIC CEA 450/01,CEA 450-01.jpg
VC FABRIC CEA 450/02,CEA 450-02.jpg
VC FABRIC LNN 390/01,LNN 390-01.jpg
VC FABRIC LNN 390/02,LNN 390-02.jpg
VC FABRIC ATI 480/01,ATI 480-01.jpg
VC FABRIC ATI 480/02,ATI 480-02.jpg
VC FABRIC ATI 480/03,ATI 480-03.jpg
VC FABRIC ATI 480/04,ATI 480-04.jpg
VC FABRIC FIT 455/01,FIT 455-01.jpg
VC FABRIC FIT 455/02,FIT 455-02.jpg
VC FABRIC ROS 129/01,ROS 129-01.jpg
VC FABRIC MDM 880/01,MDM 880-01.jpg
VC FABRIC MDM 880/03,MDM 880-03.jpg
VC FABRIC LAF 453/01,LAF 453-01.jpg
VC FABRIC FIR 454/01,FIR 454-01.jpg
VC FABRIC FIR 454/02,FIR 454-02.jpg
VC FABRIC CVE 417/01,CVE 417-01.jpg
VC FABRIC TSL 865/02,TSL 865-02.jpg
VC FABRIC TSL 865/03,TSL 865-03.jpg
VC FABRIC TBK 427/01,TBK 427-01.jpg
VC FABRIC TBK 427/02,TBK 427-02.jpg
YEASOR YS 6-1,YS 6-1.jpg
YEASOR YS 6-2,YS 6-2.jpg
YEASOR YS 6-3,YS 6-3.jpg
YEASOR YS 6-4,YS 6-4.jpg
YEASOR YS 6-5,YS 6-5.jpg
YEASOR YS 6-6,YS 6-6.jpg
YEASOR YS 6-7,YS 6-7.jpg
YEASOR YS 6-8,YS 6-8.jpg
YEASOR YS 6-9,YS 6-9.jpg
YEASOR YS 6-10,YS 6-10.jpg
YEASOR YS 6-11,YS 6-11.jpg
YEASOR YS 6-12,YS 6-12.jpg
YEASOR YS 6-13,YS 6-13.jpg
YEASOR YS 6-14,YS 6-14.jpg
YEASOR YS 6-15,YS 6-15.jpg
YEASOR YS 6-16,YS 6-16.jpg
YEASOR YS 6-17,YS 6-17.jpg
YEASOR YS 6-18,YS 6-18.jpg
YEASOR YS 6-19,YS 6-19.jpg
YEASOR YS 6-20,YS 6-20.jpg
YEASOR YS 6-21,YS 6-21.jpg
YEASOR YS 6-22,YS 6-22.jpg
YEASOR YS 6-23,YS 6-23.jpg
YEASOR YS 6-24,YS 6-24.jpg
YEASOR YS 6-25,YS 6-25.jpg
YEASOR YS 6-26,YS 6-26.jpg
YEASOR YS 6-27,YS 6-27.jpg
YEASOR YS 6-28,YS 6-28.jpg
YEASOR YS 6-29,YS 6-29.jpg
YEASOR YS 6-30,YS 6-30.jpg
YEASOR YS 6-31,YS 6-31.jpg
YEASOR YS 6-32,YS 6-32.jpg
YEASOR YS 6-33,YS 6-33.jpg
YEASOR YS 6-34,YS 6-34.jpg
YEASOR YS 6-35,YS 6-35.jpg
CHALEEYA CY 511/01,CY 511-01.jpg
CHALEEYA CY 511/02,CY 511-02.jpg
CHALEEYA CY 511/03,CY 511-03.jpg
CHALEEYA CY 511/04,CY 511-04.jpg
CHALEEYA CY 511/05,CY 511-05.jpg
CHALEEYA CY 511/06,CY 511-06.jpg
CHALEEYA CY 511/07,CY 511-07.jpg
CHALEEYA CY 511/08,CY 511-08.jpg
CHALEEYA CY 512/01,CY 512-01.jpg
CHALEEYA CY 512/02,CY 512-02.jpg
CHALEEYA CY 512/03,CY 512-03.jpg
CHALEEYA CY 512/04,CY 512-04.jpg
CHALEEYA CY 512/05,CY 512-05.jpg
CHALEEYA CY 512/06,CY 512-06.jpg
CHALEEYA CY 512/07,CY 512-07.jpg
CHALEEYA CY 512/08,CY 512-08.jpg
CHALEEYA CY 512/09,CY 512-09.jpg
CHALEEYA CY 512/10,CY 512-10.jpg
CHALEEYA CY 513/01,CY 513-01.jpg
CHALEEYA CY 513/02,CY 513-02.jpg
CHALEEYA CY 513/03,CY 513-03.jpg
CHALEEYA CY 513/04,CY 513-04.jpg
CHALEEYA CY 513/05,CY 513-05.jpg
CHALEEYA CY 513/06,CY 513-06.jpg
CHALEEYA CY 513/07,CY 513-07.jpg
CHALEEYA CY 513/08,CY 513-08.jpg
CHALEEYA CY 513/09,CY 513-09.jpg
CHALEEYA CY 513/10,CY 513-10.jpg
CHALEEYA CY 513/11,CY 513-11.jpg
CHALEEYA CY 513/12,CY 513-12.jpg
CHALEEYA CY 513/13,CY 513-13.jpg
CHALEEYA CY 513/14,CY 513-14.jpg
CHALEEYA CY 513/15,CY 513-15.jpg
CHALEEYA CY 513/16,CY 513-16.jpg
CHALEEYA CY 513/17,CY 513-17.jpg
CHALEEYA CY 513/18,CY 513-18.jpg
CHALEEYA CY 513/19,CY 513-19.jpg
CHALEEYA CY 513/20,CY 513-20.jpg
CHALEEYA CY 513/21,CY 513-21.jpg
CHALEEYA CY 513/22,CY 513-22.jpg
CHALEEYA CY 513/23,CY 513-23.jpg
CHALEEYA CY 513/24,CY 513-24.jpg
CHALEEYA CY 513/25,CY 513-25.jpg
CHALEEYA CY 513/26,CY 513-26.jpg
CHALEEYA CY 513/27,CY 513-27.jpg
CHALEEYA CY 513/28,CY 513-28.jpg
CHALEEYA CY 513/29,CY 513-29.jpg
CHALEEYA CY 513/30,CY 513-30.jpg
CHALEEYA CY 513/31,CY 513-31.jpg
NITAS 90023 -101,90023-101.jpg
NITAS 90023 -102,90023-102.jpg
NITAS 90023 -103,90023-103.jpg
NITAS 90023 -104,90023-104.jpg
NITAS 90023 -105,90023-105.jpg
NITAS 90023 -106,90023-106.jpg
NITAS 90023 -107,90023-107.jpg
NITAS 90023 -108,90023-108.jpg
NITAS 90035 -101,90035-101.jpg
NITAS 90035 -102,90035-102.jpg
NITAS 90038 -102,90038-102.jpg
NITAS 90034 -101,90034-101.jpg
NITAS 90034 -102,90034-102.jpg
NITAS 90034 -103,90034-103.jpg
NITAS 90034 -104,90034-104.jpg
NITAS 90033 -101,90033-101.jpg
NITAS 90033 -102,90033-102.jpg
NITAS 90033 -103,90033-103.jpg
NITAS 90033 -104,90033-104.jpg
NITAS 90033 -105,90033-105.jpg
NITAS 90033 -106,90033-106.jpg
NITAS 90033 -107,90033-107.jpg
NITAS 90033 -108,90033-108.jpg
NITAS 90033 -109,90033-109.jpg
NITAS 90033 -110,90033-110.jpg
NITAS 90032 -101,90032-101.jpg
NITAS 90032 -102,90032-102.jpg
NITAS 90031 -101,90031-101.jpg
NITAS 90031 -102,90031-102.jpg
NITAS 90031 -103,90031-103.jpg
NITAS 90030 -101,90030-101.jpg
NITAS 90030 -102,90030-102.jpg
NITAS 90030 -103,90030-103.jpg
NITAS 90030 -104,90030-104.jpg
NITAS 90029 -101,90029-101.jpg
NITAS 90029 -102,90029-102.jpg
NITAS 90029 -103,90029-103.jpg
NITAS 90029 -104,90029-104.jpg
NITAS 90029 -105,90029-105.jpg
NITAS 90028 -101,90028-101.jpg
NITAS 90028 -102,90028-102.jpg
NITAS 90028 -103,90028-103.jpg
NITAS 90028 -104,90028-104.jpg
NITAS 90027 -101,90027-101.jpg
NITAS 90027 -102,90027-102.jpg
NITAS 90027 -103,90027-103.jpg
NITAS 90027 -104,90027-104.jpg
NITAS 90027 -105,90027-105.jpg
NITAS 90027 -106,90027-106.jpg
NITAS 90026 -101,90026-101.jpg
NITAS 90025 -101,90025-101.jpg
NITAS 90025 -102,90025-102.jpg
NITAS 90024 -101,90024-101.jpg
NITAS 90024 -102,90024-102.jpg
NITAS 90019 -101,90019-101.jpg
NITAS 90019 -102,90019-102.jpg